[{
  "_id": {
    "$oid": "608c27f3e165f6137f02b549"
  },
  "name": "Four cheese",
  "price": 799,
  "size": "Medium",
  "image": "uploads/1619798003389-788648576.png",
  "createdAt": {
    "$date": "2021-04-30T15:53:23.393Z"
  },
  "updatedAt": {
    "$date": "2021-04-30T15:53:23.393Z"
  }
},{
  "_id": {
    "$oid": "608c280ce165f6137f02b54a"
  },
  "name": "Chicken mushroom",
  "price": 699,
  "size": "Small",
  "image": "uploads/1619798028739-356043472.png",
  "createdAt": {
    "$date": "2021-04-30T15:53:48.741Z"
  },
  "updatedAt": {
    "$date": "2021-04-30T15:53:48.741Z"
  }
},{
  "_id": {
    "$oid": "608c2878e165f6137f02b54b"
  },
  "name": "Margarita",
  "price": 699,
  "size": "Medium",
  "image": "uploads/1619798136362-377165689.png",
  "createdAt": {
    "$date": "2021-04-30T15:55:36.364Z"
  },
  "updatedAt": {
    "$date": "2021-04-30T15:55:36.364Z"
  }
},{
  "_id": {
    "$oid": "608c288ae165f6137f02b54c"
  },
  "name": "Carbonara",
  "price": 999,
  "size": "Large",
  "image": "uploads/1619798154274-595975749.png",
  "createdAt": {
    "$date": "2021-04-30T15:55:54.276Z"
  },
  "updatedAt": {
    "$date": "2021-04-30T15:55:54.276Z"
  }
},{
  "_id": {
    "$oid": "608c2899e165f6137f02b54d"
  },
  "name": "Mix BBQ",
  "price": 1299,
  "size": "Large",
  "image": "uploads/1619798169571-671551234.png",
  "createdAt": {
    "$date": "2021-04-30T15:56:09.573Z"
  },
  "updatedAt": {
    "$date": "2021-04-30T15:56:09.573Z"
  }
},{
  "_id": {
    "$oid": "608c28b3e165f6137f02b54e"
  },
  "name": "Mushroom",
  "price": 499,
  "size": "Small",
  "image": "uploads/1619798195141-748496629.png",
  "createdAt": {
    "$date": "2021-04-30T15:56:35.142Z"
  },
  "updatedAt": {
    "$date": "2021-04-30T15:56:35.142Z"
  }
},{
  "_id": {
    "$oid": "608c28d0e165f6137f02b54f"
  },
  "name": "Double peperoni",
  "price": 1399,
  "size": "Large",
  "image": "uploads/1619798224663-303286145.png",
  "createdAt": {
    "$date": "2021-04-30T15:57:04.665Z"
  },
  "updatedAt": {
    "$date": "2021-04-30T15:57:04.665Z"
  }
},{
  "_id": {
    "$oid": "608c28e8e165f6137f02b550"
  },
  "name": "Chicken premier",
  "price": 899,
  "size": "Medium",
  "image": "uploads/1619798248317-105704752.png",
  "createdAt": {
    "$date": "2021-04-30T15:57:28.319Z"
  },
  "updatedAt": {
    "$date": "2021-04-30T15:57:28.319Z"
  }
},{
  "_id": {
    "$oid": "608c2904e165f6137f02b551"
  },
  "name": "Caramel pineapple",
  "price": 799,
  "size": "Small",
  "image": "uploads/1619798276630-463888204.png",
  "createdAt": {
    "$date": "2021-04-30T15:57:56.632Z"
  },
  "updatedAt": {
    "$date": "2021-04-30T15:57:56.632Z"
  }
},{
  "_id": {
    "$oid": "608c2960e165f6137f02b552"
  },
  "name": "Havana special",
  "price": 599,
  "size": "Small",
  "image": "uploads/1619798368145-612682611.png",
  "createdAt": {
    "$date": "2021-04-30T15:59:28.146Z"
  },
  "updatedAt": {
    "$date": "2021-04-30T15:59:28.146Z"
  }
}]